rouge1,rouge2,rougeL,rougeLsum
0.016756377074211404,0.0,0.01678383554427239,0.016481962697919704
