rouge1,rouge2,rougeL,rougeLsum
0.3507295370543638,0.11737388627705984,0.2078594565944674,0.2787753093628925
